Frame,X,Y
0,416,78
0,433,117
0,9,127
0,707,113
0,491,150
0,413,151
0,410,124
0,373,82
0,815,116
0,405,80
0,364,121
0,365,135
0,395,95
0,412,92
0,456,130
0,452,150
0,715,139
0,11,152
0,416,136
0,406,134
0,66,138
0,439,81
0,447,141
0,680,156
0,449,117
0,759,86
0,272,54
0,724,147
0,814,104
0,77,64
0,732,137
0,18,139
0,74,51
0,753,96
0,423,86
0,23,126
0,747,115
0,423,97
0,179,147
0,394,83
0,772,114
0,65,149
0,148,139
0,737,120
0,442,132
0,88,150
0,429,74
0,206,114
0,421,127
0,735,110
0,97,82
0,30,141
0,77,140
0,185,116
0,151,82
0,292,155
0,433,139
0,375,132
0,56,131
0,208,146
0,481,155
0,34,88
0,329,139
0,466,154
0,342,84
0,292,57
1,451,149
1,416,136
1,380,76
1,707,113
1,416,78
1,405,134
1,431,118
1,488,154
1,418,120
1,14,157
1,454,130
1,815,116
1,416,99
1,427,132
1,395,88
1,66,138
1,371,83
1,441,115
1,715,139
1,436,81
1,397,99
1,17,128
1,4,113
1,759,86
1,3,130
1,814,104
1,681,156
1,364,136
1,433,145
1,724,147
1,737,120
1,406,92
1,772,114
1,403,80
1,732,137
1,429,73
1,412,152
1,747,115
1,31,6
1,151,83
1,14,142
1,363,121
1,753,96
1,65,149
1,115,149
1,30,142
1,444,141
1,178,148
1,87,151
1,385,86
1,736,110
1,55,130
1,147,139
1,391,75
1,423,86
1,43,124
1,36,17
1,184,116
1,645,79
1,6,88
1,485,78
2,441,115
2,4,131
2,410,124
2,707,113
2,427,119
2,389,77
2,409,137
2,416,77
2,371,83
2,488,154
2,434,80
2,454,130
2,715,139
2,725,148
2,685,155
2,17,128
2,737,120
2,458,147
2,19,150
2,414,99
2,65,138
2,6,147
2,773,114
2,363,121
2,364,136
2,430,146
2,407,82
2,733,137
2,402,98
2,815,105
2,412,152
2,759,86
2,747,116
2,151,58
2,395,87
2,422,131
2,43,124
2,816,116
2,434,130
2,47,148
2,375,134
2,147,139
2,736,110
2,178,147
2,64,149
2,750,94
2,119,89
2,176,59
2,55,131
2,93,152
2,790,57
2,115,149
3,441,115
3,416,78
3,393,80
3,409,137
3,422,121
3,430,78
3,411,123
3,815,116
3,10,149
3,491,150
3,364,129
3,454,130
3,715,139
3,66,138
3,724,147
3,421,95
3,4,131
3,458,147
3,95,119
3,814,104
3,706,113
3,373,82
3,732,137
3,681,156
3,773,114
3,17,141
3,403,82
3,411,92
3,747,116
3,412,152
3,775,56
3,759,86
3,18,128
3,431,139
3,672,76
3,4,115
3,425,147
3,375,134
3,735,109
3,43,124
3,394,94
3,753,96
3,148,139
3,736,120
3,293,156
3,97,108
3,115,149
3,457,80
3,55,131
3,65,149
3,179,147
3,87,151
3,30,141
3,96,60
3,48,85
3,173,158
3,235,122
3,400,70
3,481,155
4,707,114
4,491,150
4,424,148
4,364,121
4,416,77
4,412,152
4,441,115
4,400,83
4,456,130
4,815,116
4,715,139
4,4,131
4,685,155
4,410,124
4,409,137
4,451,139
4,23,127
4,725,148
4,66,138
4,417,87
4,814,104
4,376,87
4,416,99
4,773,114
4,365,135
4,458,147
4,375,133
4,743,121
4,435,73
4,72,49
4,421,129
4,426,79
4,389,83
4,733,137
4,379,76
4,399,95
4,10,155
4,736,110
4,76,61
4,759,86
4,17,139
4,755,112
4,2,121
4,65,149
4,43,124
4,179,147
4,455,81
4,18,118
4,56,131
4,757,54
4,776,93
4,116,148
4,31,141
4,185,116
4,650,77
4,173,158
4,481,155
4,87,151
4,78,140
5,386,83
5,420,95
5,488,154
5,412,152
5,4,131
5,363,121
5,66,138
5,707,114
5,441,115
5,731,146
5,4,66
5,417,121
5,454,130
5,422,149
5,22,127
5,364,136
5,814,104
5,815,116
5,410,138
5,731,53
5,373,85
5,681,156
5,451,149
5,715,139
5,773,114
5,417,77
5,427,73
5,743,121
5,35,16
5,394,97
5,17,139
5,407,124
5,378,76
5,759,86
5,404,91
5,447,80
5,14,158
5,30,142
5,776,93
5,755,112
5,43,124
5,427,131
5,753,96
5,398,83
5,28,5
5,64,149
5,4,109
5,736,110
5,55,131
5,147,139
5,184,116
5,115,148
5,173,158
5,120,91
5,77,141
5,466,154
5,86,150
6,441,115
6,412,152
6,420,95
6,385,80
6,707,114
6,417,77
6,491,150
6,20,150
6,66,138
6,412,122
6,451,139
6,4,131
6,715,139
6,23,127
6,685,155
6,814,104
6,773,114
6,416,137
6,436,85
6,743,121
6,725,148
6,458,147
6,364,121
6,446,80
6,815,116
6,701,52
6,732,137
6,364,135
6,7,147
6,397,99
6,401,82
6,414,87
6,434,73
6,375,134
6,115,148
6,736,109
6,759,86
6,453,126
6,421,128
6,755,112
6,48,148
6,43,124
6,776,93
6,753,96
6,148,139
6,8,119
6,412,102
6,179,147
6,374,84
6,56,131
6,173,158
6,65,149
7,441,115
7,383,80
7,4,131
7,10,149
7,447,80
7,412,99
7,815,116
7,426,76
7,411,123
7,706,114
7,480,158
7,454,130
7,491,150
7,724,147
7,412,152
7,364,129
7,772,114
7,414,76
7,715,139
7,684,155
7,22,142
7,23,127
7,65,139
7,666,52
7,452,148
7,396,99
7,400,82
7,413,88
7,423,134
7,732,137
7,743,117
7,752,96
7,814,105
7,411,137
7,391,87
7,759,86
7,776,93
7,95,115
7,43,124
7,147,139
7,119,92
7,754,111
7,735,110
7,65,149
7,5,117
7,55,131
7,115,149
7,762,119
7,237,156
7,426,103
7,173,158
8,418,95
8,8,127
8,410,144
8,491,150
8,379,83
8,66,138
8,441,115
8,815,116
8,365,129
8,403,99
8,724,147
8,715,139
8,451,139
8,23,127
8,411,123
8,681,156
8,398,82
8,412,78
8,707,114
8,451,149
8,405,134
8,421,127
8,773,114
8,733,137
8,420,139
8,743,117
8,814,104
8,12,151
8,753,96
8,74,59
8,426,103
8,424,74
8,71,47
8,624,52
8,759,86
8,148,139
8,115,149
8,355,83
8,264,139
8,119,93
8,755,112
8,776,93
8,17,139
8,178,147
8,481,155
8,424,85
8,86,150
8,55,130
8,453,126
8,184,116
8,128,75
8,31,142
8,466,154
8,150,75
8,79,73
8,65,149
9,392,74
9,418,74
9,412,99
9,411,123
9,379,81
9,815,116
9,417,87
9,4,131
9,400,86
9,454,130
9,724,147
9,480,158
9,408,137
9,715,139
9,491,150
9,423,135
9,412,151
9,707,114
9,364,136
9,448,116
9,65,137
9,409,80
9,363,121
9,814,104
9,432,73
9,772,114
9,732,138
9,743,117
9,17,128
9,395,98
9,452,148
9,753,96
9,426,102
9,684,156
9,14,142
9,736,109
9,33,16
9,15,157
9,759,86
9,577,52
9,26,5
9,350,83
9,755,112
9,776,93
9,147,139
9,30,142
9,4,109
9,328,139
9,86,150
9,64,149
9,77,141
9,150,76
9,4,93
9,178,147
10,409,123
10,396,83
10,490,150
10,450,138
10,64,138
10,376,81
10,3,131
10,815,116
10,439,115
10,364,135
10,420,127
10,418,74
10,411,151
10,724,147
10,21,148
10,411,99
10,451,150
10,3,145
10,715,140
10,412,89
10,707,114
10,408,137
10,399,96
10,814,104
10,681,156
10,22,126
10,772,114
10,385,76
10,732,138
10,363,122
10,743,117
10,753,96
10,736,109
10,452,126
10,759,86
10,20,137
10,47,148
10,17,76
10,755,112
10,92,154
10,348,83
10,232,85
10,79,77
10,114,149
10,178,147
10,406,80
10,64,149
10,147,139
10,328,139
10,481,155
10,776,93
10,183,116
10,656,71
10,465,153
10,12,119
10,423,102
10,54,130
10,42,124
10,443,71
10,74,139
10,149,77
11,412,151
11,451,149
11,412,89
11,405,134
11,480,158
11,706,113
11,416,136
11,11,149
11,814,116
11,441,115
11,367,130
11,410,124
11,376,82
11,684,155
11,395,82
11,451,138
11,66,138
11,421,127
11,402,98
11,491,150
11,724,147
11,772,114
11,412,99
11,95,113
11,4,132
11,22,142
11,814,105
11,736,120
11,23,126
11,714,139
11,759,86
11,453,126
11,1,122
11,732,138
11,746,116
11,151,79
11,407,78
11,433,80
11,179,147
11,762,119
11,93,150
11,753,96
11,148,139
11,65,149
11,329,139
11,364,84
11,466,153
11,428,136
12,441,114
12,4,128
12,412,152
12,415,101
12,706,113
12,405,134
12,421,78
12,15,145
12,363,122
12,490,150
12,416,136
12,409,123
12,397,78
12,450,139
12,684,155
12,480,158
12,451,150
12,724,147
12,374,81
12,22,126
12,772,114
12,364,135
12,68,45
12,389,52
12,815,116
12,434,73
12,403,98
12,65,138
12,714,140
12,411,89
12,420,62
12,759,86
12,20,136
12,814,105
12,435,123
12,452,126
12,743,117
12,387,76
12,732,138
12,10,154
12,735,110
12,178,147
12,72,58
12,93,155
12,393,88
12,30,141
12,64,149
12,147,139
12,753,96
12,183,116
12,56,120
13,437,119
13,409,123
13,3,130
13,420,127
13,411,151
13,680,155
13,490,150
13,397,94
13,454,130
13,408,138
13,815,116
13,724,147
13,373,81
13,364,135
13,448,116
13,451,149
13,427,79
13,14,156
13,417,96
13,707,120
13,715,140
13,363,122
13,772,114
13,393,82
13,64,137
13,22,126
13,479,158
13,758,86
13,414,77
13,2,113
13,16,139
13,814,104
13,31,15
13,732,137
13,742,117
13,411,87
13,325,52
13,92,154
13,403,75
13,753,96
13,178,147
13,24,3
13,426,138
13,337,54
13,64,149
13,54,130
13,465,153
13,776,93
13,803,62
14,706,113
14,432,117
14,411,151
14,490,150
14,409,123
14,412,99
14,363,122
14,364,135
14,373,82
14,684,155
14,416,136
14,742,117
14,448,116
14,454,130
14,777,119
14,22,127
14,415,78
14,262,54
14,451,149
14,3,131
14,405,134
14,815,116
14,435,73
14,395,95
14,432,128
14,7,147
14,19,140
14,724,148
14,715,140
14,391,85
14,758,86
14,64,137
14,404,80
14,424,73
14,814,105
14,445,141
14,732,138
14,178,147
14,92,154
14,764,118
14,426,136
14,422,86
14,26,148
14,340,84
14,147,139
14,47,148
14,480,155
14,55,131
14,183,116
14,754,112
14,64,149
14,803,60
14,753,96
14,465,153
14,20,87
14,56,120
14,48,87
14,328,139
14,74,139
15,379,76
15,410,124
15,416,136
15,706,113
15,416,78
15,411,151
15,415,97
15,454,130
15,490,150
15,427,132
15,680,155
15,715,139
15,431,118
15,363,122
15,441,116
15,397,95
15,743,117
15,405,134
15,3,131
15,364,135
15,772,114
15,12,124
15,428,73
15,65,137
15,479,158
15,10,148
15,433,145
15,22,126
15,724,147
15,814,105
15,451,148
15,93,111
15,815,116
15,397,82
15,436,80
15,372,85
15,20,141
15,4,115
15,758,86
15,200,56
15,178,147
15,92,101
15,732,138
15,384,85
15,147,139
15,762,119
15,379,130
15,647,78
15,735,110
15,341,84
15,30,142
15,754,111
15,243,121
15,86,150
15,55,131
15,43,124
15,410,70
15,184,116
15,64,149
15,776,93
16,426,119
16,7,127
16,742,121
16,706,113
16,487,154
16,395,80
16,680,156
16,409,124
16,401,98
16,420,72
16,415,136
16,411,151
16,455,130
16,372,82
16,814,116
16,441,115
16,413,86
16,771,114
16,366,129
16,415,97
16,434,144
16,450,139
16,430,78
16,405,134
16,22,126
16,64,137
16,457,147
16,724,147
16,715,140
16,814,105
16,758,86
16,141,58
16,71,55
16,21,140
16,400,70
16,750,115
16,67,43
16,732,138
16,762,119
16,748,95
16,178,147
16,243,121
16,424,144
16,114,148
16,735,110
16,473,82
16,384,86
16,12,147
16,667,77
17,392,80
17,706,113
17,742,121
17,420,120
17,429,78
17,15,156
17,402,80
17,419,74
17,409,124
17,680,155
17,363,121
17,412,99
17,373,83
17,450,138
17,487,154
17,814,116
17,411,151
17,411,86
17,65,137
17,405,134
17,771,114
17,442,115
17,3,131
17,2,112
17,715,140
17,724,147
17,452,126
17,17,128
17,451,149
17,814,105
17,364,135
17,424,148
17,758,86
17,87,61
17,3,148
17,398,98
17,14,142
17,415,133
17,749,95
17,750,115
17,762,119
17,732,138
17,6,71
17,178,147
17,671,76
17,435,124
17,735,111
17,22,2
17,115,148
17,401,70
17,28,13
17,3,89
17,455,80
17,469,82
17,375,133
17,184,116
17,147,138
17,146,83
17,30,142
18,440,115
18,742,121
18,362,121
18,2,131
18,422,148
18,411,151
18,490,150
18,411,99
18,680,156
18,395,96
18,453,130
18,814,116
18,415,136
18,18,140
18,450,150
18,434,73
18,389,80
18,707,120
18,363,135
18,373,85
18,16,128
18,415,77
18,411,124
18,410,86
18,715,140
18,404,134
18,149,66
18,771,114
18,377,75
18,731,137
18,4,144
18,813,104
18,723,147
18,64,137
18,38,64
18,758,86
18,146,138
18,399,82
18,754,54
18,6,118
18,427,132
18,754,111
18,374,133
18,480,155
18,177,148
18,735,110
18,54,131
18,239,156
18,753,98
18,776,93
18,114,149
18,420,86
18,85,150
18,462,82
19,742,121
19,680,156
19,394,80
19,490,150
19,363,121
19,707,119
19,411,152
19,441,115
19,450,139
19,715,139
19,363,135
19,814,116
19,777,119
19,367,83
19,415,136
19,419,76
19,64,137
19,758,86
19,415,101
19,3,131
19,450,150
19,426,136
19,11,149
19,434,73
19,417,121
19,96,107
19,724,147
19,402,89
19,731,137
19,452,126
19,814,105
19,405,134
19,21,140
19,728,53
19,16,127
19,377,75
19,407,124
19,417,86
19,750,115
19,2,116
19,435,84
19,762,119
19,177,148
19,379,86
19,55,131
19,435,123
19,480,155
19,735,110
19,114,149
19,776,93
19,445,80
19,94,91
19,147,139
19,465,153
20,440,115
20,490,150
20,411,122
20,450,149
20,415,78
20,742,117
20,707,119
20,382,83
20,453,130
20,411,99
20,363,129
20,7,127
20,814,116
20,414,136
20,64,139
20,411,151
20,392,79
20,715,140
20,445,80
20,479,158
20,13,144
20,731,137
20,679,156
20,723,147
20,399,96
20,65,41
20,376,75
20,757,87
20,426,76
20,813,104
20,776,114
20,427,131
20,697,52
20,22,126
20,435,84
20,763,118
20,146,139
20,752,96
20,735,109
20,19,136
20,754,111
20,360,83
20,776,93
20,236,157
20,178,147
20,69,53
20,118,91
20,54,131
20,9,154
20,465,154
20,410,88
21,362,125
21,440,115
21,490,150
21,450,149
21,16,128
21,377,76
21,2,131
21,442,83
21,742,117
21,453,130
21,411,99
21,64,139
21,417,122
21,814,116
21,707,120
21,715,140
21,479,158
21,398,82
21,395,99
21,731,137
21,758,86
21,679,156
21,410,137
21,363,135
21,723,147
21,776,119
21,15,156
21,388,77
21,422,134
21,412,79
21,414,147
21,419,93
21,813,105
21,427,76
21,754,96
21,15,139
21,763,118
21,370,84
21,146,139
21,660,52
21,23,1
21,406,124
21,754,111
21,26,13
21,425,103
21,54,131
21,149,74
21,776,93
21,177,148
21,465,154
21,496,79
21,29,141
21,118,92
22,706,119
22,450,149
22,411,151
22,361,125
22,4,144
22,741,117
22,397,82
22,490,150
22,377,83
22,64,138
22,679,155
22,418,97
22,757,86
22,715,139
22,453,130
22,409,123
22,731,137
22,2,131
22,19,139
22,94,158
22,723,147
22,419,139
22,18,149
22,395,99
22,418,86
22,21,126
22,363,135
22,439,114
22,776,115
22,479,158
22,431,73
22,618,51
22,408,92
22,352,84
22,425,131
22,404,134
22,813,105
22,814,116
22,762,118
22,146,138
22,417,74
22,734,109
22,54,130
22,754,111
22,442,83
22,752,96
22,144,80
22,775,93
22,177,148
22,434,123
22,465,154
22,118,92
22,63,149
22,604,53
23,411,151
23,706,120
23,450,149
23,362,122
23,741,117
23,64,138
23,490,150
23,377,80
23,403,90
23,679,155
23,9,148
23,391,74
23,757,86
23,421,73
23,395,99
23,409,123
23,453,130
23,418,97
23,363,135
23,408,79
23,416,87
23,16,140
23,715,139
23,2,131
23,431,73
23,263,139
23,813,116
23,422,135
23,723,147
23,439,114
23,21,126
23,731,137
23,479,158
23,91,107
23,762,118
23,775,115
23,570,51
23,404,134
23,114,148
23,146,139
23,11,124
23,813,105
23,445,81
23,177,147
23,754,111
23,365,84
23,391,87
23,54,131
23,348,84
23,434,123
23,752,96
23,465,154
23,206,145
23,149,77
23,775,93
24,410,151
24,449,149
24,706,119
24,387,74
24,485,154
24,408,123
24,62,137
24,448,138
24,402,90
24,374,80
24,361,134
24,8,144
24,393,82
24,714,138
24,756,86
24,404,80
24,813,116
24,413,97
24,681,154
24,421,134
24,439,114
24,65,51
24,5,126
24,61,38
24,394,99
24,744,115
24,417,73
24,722,147
24,734,109
24,730,137
24,361,122
24,775,115
24,429,81
24,19,140
24,761,117
24,812,104
24,734,120
24,403,134
24,112,148
24,751,96
24,396,115
24,40,124
24,463,69
24,450,125
24,176,147
24,145,138
24,20,126
24,519,51
24,775,93
24,205,145
24,441,82
24,52,130
24,222,84
24,464,154
24,30,75
25,410,151
25,705,119
25,485,154
25,407,123
25,417,95
25,418,127
25,398,92
25,62,137
25,372,81
25,392,82
25,449,149
25,813,116
25,452,128
25,714,138
25,681,155
25,439,114
25,448,139
25,385,74
25,361,135
25,756,86
25,360,125
25,775,114
25,14,139
25,744,115
25,147,79
25,722,147
25,395,115
25,734,109
25,730,137
25,761,117
25,751,96
25,413,136
25,812,104
25,21,9
25,403,133
25,734,120
25,144,138
25,404,80
25,465,52
25,19,126
25,5,124
25,39,124
25,83,150
25,175,147
25,775,93
25,424,136
25,463,153
25,239,85
25,360,84
26,409,151
26,418,127
26,704,119
26,390,79
26,485,153
26,383,54
26,372,81
26,734,120
26,449,149
26,362,128
26,411,98
26,812,116
26,677,155
26,448,138
26,432,73
26,397,93
26,439,114
26,453,129
26,408,122
26,62,137
26,714,138
26,728,147
26,16,139
26,4,146
26,774,114
26,755,87
26,419,86
26,729,137
26,811,104
26,413,136
26,416,73
26,743,115
26,761,117
26,8,129
26,408,81
26,403,133
26,752,110
26,396,115
26,3,117
26,39,123
26,343,136
26,52,130
26,750,96
26,148,80
26,381,74
26,20,126
26,733,109
26,774,93
26,144,138
26,61,148
26,413,61
26,448,83
26,255,119
26,463,153
26,230,86
26,359,84
26,433,123
26,96,156
26,44,85
27,9,124
27,704,119
27,7,148
27,409,151
27,431,116
27,485,153
27,446,115
27,371,81
27,418,127
27,452,129
27,812,116
27,361,134
27,407,122
27,401,90
27,714,138
27,449,149
27,391,82
27,432,72
27,360,122
27,413,98
27,755,87
27,1,115
27,729,137
27,739,116
27,728,147
27,733,108
27,407,81
27,677,156
27,315,52
27,419,86
27,16,139
27,447,138
27,60,143
27,413,136
27,769,113
27,811,104
27,89,151
27,343,136
27,438,80
27,752,111
27,403,133
27,147,80
27,327,55
27,39,124
27,394,115
27,750,96
27,89,104
27,377,129
27,803,61
27,381,77
27,774,93
27,424,136
27,144,139
27,19,126
27,255,119
27,57,133
27,463,153
27,87,93
27,350,64
27,339,83
27,371,64
27,357,84
27,257,86
27,416,74
28,409,151
28,430,117
28,407,123
28,452,129
28,424,130
28,484,154
28,391,87
28,448,149
28,361,134
28,413,76
28,705,119
28,361,121
28,440,116
28,812,116
28,369,81
28,409,98
28,390,75
28,714,138
28,739,116
28,729,137
28,432,72
28,61,139
28,400,79
28,811,103
28,728,147
28,733,108
28,7,129
28,755,86
28,392,97
28,770,113
28,401,90
28,412,136
28,437,142
28,760,117
28,63,49
28,677,155
28,59,36
28,88,150
28,752,111
28,394,115
28,8,146
28,1,121
28,252,53
28,419,85
28,38,123
28,750,95
28,378,74
28,19,126
28,337,83
28,25,140
28,29,73
28,51,130
28,254,118
28,357,83
28,434,132
28,143,138
28,462,152
29,704,119
29,423,131
29,407,122
29,408,151
29,419,72
29,398,79
29,812,116
29,484,153
29,376,75
29,409,98
29,444,115
29,360,128
29,451,129
29,448,148
29,394,94
29,369,84
29,714,138
29,410,85
29,721,147
29,18,9
29,60,136
29,412,136
29,432,72
29,430,144
29,681,154
29,739,116
29,729,137
29,769,113
29,12,127
29,12,138
29,427,117
29,752,85
29,402,133
29,11,155
29,623,67
29,394,115
29,811,104
29,38,123
29,752,111
29,88,150
29,143,138
29,387,74
29,426,84
29,110,148
29,760,119
29,479,77
29,396,69
29,50,130
29,462,153
29,180,119
29,24,140
29,59,148
30,413,77
30,360,134
30,39,123
30,408,151
30,721,147
30,360,121
30,739,116
30,439,114
30,452,129
30,418,120
30,432,72
30,811,116
30,377,75
30,397,87
30,407,123
30,369,84
30,447,138
30,752,95
30,2,146
30,728,137
30,371,133
30,387,75
30,406,137
30,14,142
30,399,97
30,783,56
30,424,78
30,484,154
30,61,139
30,412,97
30,810,104
30,422,146
30,769,113
30,447,149
30,427,137
30,714,138
30,13,127
30,755,85
30,703,120
30,432,122
30,680,155
30,5,114
30,92,152
30,446,81
30,395,115
30,132,58
30,760,119
31,6,148
31,703,119
31,424,72
31,412,77
31,396,87
31,846,146
31,406,123
31,450,129
31,411,96
31,4,126
31,369,82
31,437,114
31,419,119
31,360,128
31,714,137
31,447,148
31,420,148
31,720,147
31,751,95
31,60,136
31,408,151
31,768,113
31,411,136
31,388,79
31,375,74
31,16,140
31,739,117
31,431,122
31,727,137
31,680,154
31,754,85
31,487,149
31,476,157
31,395,97
31,810,116
31,732,109
31,810,104
31,401,78
31,143,138
31,174,146
31,77,60
31,767,54
31,751,110
31,419,85
31,18,126
31,87,101
31,396,69
31,355,84
31,110,148
31,462,153
31,87,152
31,371,133
31,431,84
31,241,120
31,324,138
31,567,69
31,60,148
32,738,117
32,358,120
32,676,155
32,422,130
32,418,147
32,449,129
32,412,77
32,702,119
32,720,147
32,846,146
32,407,124
32,430,72
32,359,134
32,59,137
32,5,145
32,369,84
32,713,137
32,407,151
32,437,114
32,475,157
32,751,95
32,16,126
32,404,136
32,407,98
32,446,140
32,383,83
32,769,113
32,399,89
32,390,97
32,727,137
32,486,149
32,746,53
32,2,126
32,59,47
32,754,85
32,85,153
32,732,109
32,454,146
32,759,117
32,436,82
32,810,104
32,810,116
32,422,79
32,370,132
32,111,89
32,23,140
32,323,138
32,356,84
32,56,34
32,51,64
32,751,110
32,48,129
32,392,77
32,58,148
33,702,118
33,412,75
33,435,114
33,448,129
33,357,120
33,675,154
33,429,72
33,712,137
33,406,122
33,406,150
33,726,146
33,845,146
33,405,98
33,58,136
33,15,126
33,9,138
33,358,134
33,379,82
33,446,148
33,418,133
33,398,90
33,767,113
33,482,153
33,389,80
33,371,75
33,3,123
33,731,108
33,750,95
33,8,155
33,810,115
33,14,7
33,809,104
33,439,80
33,417,84
33,719,51
33,750,85
33,758,118
33,84,152
33,363,83
33,172,146
33,731,119
33,400,132
33,388,96
33,22,140
33,741,114
33,140,139
33,460,152
34,435,113
34,675,155
34,405,122
34,357,120
34,15,126
34,701,118
34,809,115
34,377,82
34,844,145
34,737,116
34,428,72
34,406,150
34,719,147
34,398,89
34,712,137
34,448,129
34,58,137
34,406,98
34,441,79
34,445,140
34,358,134
34,767,113
34,475,156
34,409,136
34,356,82
34,726,136
34,387,78
34,808,103
34,112,90
34,417,85
34,12,140
34,750,95
34,399,132
34,485,146
34,418,73
34,387,96
34,3,129
34,87,156
34,686,51
34,415,127
34,749,85
34,757,118
34,730,108
34,172,146
34,35,123
34,749,110
34,258,138
34,408,74
34,140,139
34,460,152
34,199,113
34,57,148
34,2,113
34,48,130
34,323,138
35,2,147
35,406,151
35,846,148
35,674,154
35,384,75
35,700,112
35,374,82
35,404,122
35,414,138
35,481,153
35,720,142
35,56,136
35,435,114
35,445,149
35,397,89
35,357,133
35,409,100
35,766,113
35,10,139
35,448,128
35,357,120
35,14,125
35,409,77
35,730,109
35,444,138
35,390,97
35,351,80
35,749,95
35,398,132
35,3,123
35,809,115
35,171,146
35,66,138
35,808,103
35,740,115
35,107,148
35,421,75
35,730,119
35,438,78
35,649,50
35,757,118
35,753,85
35,83,87
35,771,92
35,113,90
35,34,123
35,176,119
35,420,129
35,460,153
35,198,113
35,46,129
35,56,148
35,83,97
35,20,139
36,405,78
36,404,121
36,372,80
36,419,101
36,434,114
36,701,118
36,444,148
36,405,151
36,397,90
36,674,154
36,357,128
36,846,148
36,13,126
36,408,100
36,384,76
36,416,133
36,56,136
36,447,129
36,718,146
36,725,136
36,389,99
36,712,137
36,746,95
36,481,153
36,2,144
36,770,113
36,730,109
36,51,31
36,426,71
36,465,158
36,346,83
36,808,115
36,83,154
36,402,136
36,170,146
36,740,114
36,2,129
36,415,73
36,413,85
36,808,104
36,757,118
36,606,50
36,748,85
36,34,123
36,730,119
36,12,140
36,361,83
36,43,72
36,46,130
36,106,147
36,111,90
36,197,113
36,425,81
36,384,86
36,55,43
37,402,78
37,371,80
37,843,145
37,56,136
37,382,76
37,403,122
37,724,146
37,674,154
37,419,101
37,447,128
37,444,148
37,434,113
37,701,118
37,406,150
37,402,91
37,411,136
37,473,156
37,413,125
37,13,126
37,712,137
37,357,127
37,408,100
37,808,115
37,8,138
37,421,137
37,770,113
37,415,72
37,736,116
37,444,138
37,749,94
37,389,97
37,425,81
37,437,80
37,3,121
37,807,103
37,170,146
37,83,154
37,106,147
37,343,81
37,484,146
37,10,6
37,7,154
37,252,83
37,398,132
37,558,50
37,413,85
37,757,118
37,46,129
37,748,110
37,429,122
37,34,123
37,459,152
37,139,138
37,456,72
37,198,115
38,398,78
38,434,113
38,403,122
38,843,145
38,444,148
38,409,135
38,56,136
38,724,145
38,421,131
38,674,155
38,385,78
38,447,128
38,367,81
38,481,152
38,405,150
38,701,118
38,411,101
38,402,91
38,443,138
38,808,115
38,712,136
38,357,127
38,389,97
38,736,115
38,770,113
38,746,95
38,398,133
38,807,103
38,424,81
38,465,158
38,8,74
38,8,126
38,12,146
38,106,148
38,411,82
38,751,86
38,170,146
38,413,72
38,500,51
38,46,129
38,440,73
38,757,118
38,392,87
38,139,138
38,748,110
38,33,123
38,356,81
38,429,122
39,434,113
39,394,78
39,423,80
39,843,145
39,2,147
39,403,122
39,409,135
39,56,136
39,421,131
39,674,155
39,724,145
39,368,80
39,444,146
39,1,122
39,383,79
39,447,128
39,481,152
39,405,150
39,699,111
39,397,89
39,808,115
39,454,51
39,736,115
39,357,127
39,712,137
39,746,95
39,398,133
39,770,113
39,404,98
39,8,138
39,465,158
39,106,148
39,807,103
39,13,125
39,355,82
39,751,86
39,66,138
39,46,129
39,757,118
39,170,146
39,83,154
39,389,95
39,748,110
39,139,138
39,33,123
39,429,122
39,198,115
39,224,85
39,234,84
40,405,150
40,436,115
40,843,145
40,422,80
40,420,129
40,403,122
40,673,154
40,56,136
40,406,97
40,408,135
40,444,148
40,367,80
40,402,60
40,724,145
40,404,84
40,447,129
40,49,29
40,473,156
40,385,78
40,770,113
40,713,136
40,701,118
40,357,133
40,808,115
40,365,50
40,736,115
40,398,133
40,409,72
40,746,95
40,427,71
40,54,42
40,356,121
40,392,92
40,807,103
40,751,86
40,12,139
40,242,85
40,484,148
40,354,83
40,83,149
40,8,125
40,3,148
40,170,146
40,252,85
40,756,118
40,464,79
40,142,78
40,33,123
40,459,152
40,106,147
40,748,110
40,224,85
40,46,129
40,139,138
40,66,138
40,334,82
40,435,80
40,197,115
41,421,131
41,435,113
41,444,148
41,409,135
41,403,122
41,56,136
41,673,154
41,421,80
41,357,127
41,366,80
41,420,117
41,724,146
41,405,150
41,398,133
41,736,115
41,843,145
41,447,129
41,473,156
41,406,97
41,770,113
41,713,136
41,701,118
41,808,115
41,408,76
41,397,89
41,301,50
41,746,95
41,725,136
41,83,149
41,428,71
41,391,97
41,747,85
41,12,139
41,8,126
41,807,103
41,433,135
41,373,129
41,484,148
41,33,123
41,756,118
41,353,82
41,142,79
41,139,138
41,388,73
41,380,85
41,170,146
41,459,152
41,8,5
41,433,80
41,748,110
41,321,138
41,106,147
41,141,64
41,607,70
41,46,129
41,12,151
41,315,54
41,252,85
41,334,82
42,436,115
42,405,150
42,396,78
42,843,145
42,433,141
42,55,136
42,730,119
42,405,85
42,403,121
42,444,147
42,426,117
42,409,135
42,724,146
42,359,128
42,418,80
42,448,128
42,770,113
42,365,80
42,673,154
42,406,97
42,700,118
42,808,115
42,480,153
42,713,136
42,391,96
42,725,136
42,372,128
42,386,74
42,746,95
42,87,155
42,237,52
42,464,158
42,398,133
42,420,135
42,751,86
42,10,146
42,11,135
42,428,71
42,256,138
42,807,103
42,87,144
42,1,129
42,739,114
42,1,114
42,729,109
42,13,125
42,756,118
42,55,148
42,170,146
42,142,80
42,374,74
42,340,130
42,429,129
42,748,109
42,321,138
42,795,58
42,139,138
42,379,85
42,106,147
42,33,123
42,175,114
42,413,123
42,45,130
43,405,150
43,435,113
43,444,147
43,406,84
43,403,122
43,409,135
43,448,128
43,843,145
43,397,89
43,730,119
43,363,81
43,395,78
43,407,98
43,56,136
43,770,113
43,673,154
43,724,146
43,357,127
43,2,146
43,700,118
43,808,115
43,83,149
43,372,74
43,473,156
43,416,119
43,398,132
43,713,136
43,725,136
43,443,137
43,256,138
43,746,95
43,390,97
43,416,71
43,751,86
43,7,126
43,428,143
43,176,54
43,428,71
43,807,103
43,142,81
43,427,128
43,484,149
43,80,83
43,372,129
43,739,114
43,729,109
43,170,146
43,756,118
43,12,139
43,55,148
43,380,85
43,748,109
43,340,130
43,459,152
43,611,68
43,321,137
43,175,114
44,407,120
44,434,113
44,448,128
44,444,147
44,405,150
44,423,144
44,356,133
44,420,117
44,55,136
44,392,79
44,363,81
44,808,115
44,409,76
44,770,113
44,443,137
44,401,135
44,392,96
44,699,111
44,845,147
44,408,96
44,473,156
44,719,142
44,423,77
44,736,115
44,2,144
44,82,151
44,13,125
44,678,154
44,372,74
44,751,86
44,52,40
44,11,135
44,170,146
44,48,28
44,484,149
44,356,120
44,139,137
44,47,119
44,807,103
44,1,129
44,756,118
44,55,148
44,745,95
44,415,84
44,748,110
44,777,55
44,233,66
44,340,130
44,380,85
44,367,132
44,414,129
44,606,67
44,175,114
44,33,123
44,67,126
44,111,87
45,409,76
45,405,150
45,444,147
45,434,113
45,416,146
45,421,131
45,448,128
45,843,145
45,356,133
45,365,82
45,403,121
45,390,78
45,808,115
45,770,113
45,55,136
45,443,137
45,724,146
45,713,136
45,730,119
45,401,136
45,408,96
45,700,118
45,421,77
45,725,136
45,473,156
45,83,150
45,371,74
45,414,119
45,751,86
45,393,91
45,5,3
45,729,109
45,673,154
45,428,121
45,807,103
45,367,132
45,356,120
45,740,114
45,7,138
45,170,146
45,484,149
45,762,54
45,415,85
45,1,120
45,47,119
45,256,138
45,139,138
45,747,97
45,55,148
45,13,125
45,756,118
45,430,83
45,380,85
45,393,68
45,340,130
45,111,88
46,420,129
46,808,115
46,434,113
46,444,147
46,448,128
46,356,133
46,843,145
46,381,79
46,404,150
46,409,76
46,415,95
46,365,80
46,55,136
46,699,111
46,18,62
46,415,147
46,443,137
46,724,146
46,405,97
46,402,136
46,393,95
46,736,115
46,473,156
46,725,136
46,6,126
46,410,120
46,713,135
46,740,53
46,751,86
46,421,71
46,428,121
46,394,85
46,765,112
46,141,64
46,678,154
46,484,148
46,356,120
46,367,132
46,170,146
46,17,142
46,807,103
46,427,83
46,256,137
46,747,97
46,33,123
46,138,138
46,86,142
46,756,118
46,340,130
46,335,83
46,748,110
46,87,153
46,55,147
46,175,114
46,197,112
46,399,123
46,448,78
47,420,129
47,356,133
47,808,115
47,434,113
47,444,147
47,448,128
47,843,145
47,404,151
47,410,120
47,408,135
47,378,82
47,770,113
47,405,97
47,699,111
47,2,146
47,356,120
47,397,89
47,369,74
47,443,137
47,56,137
47,724,146
47,83,150
47,473,156
47,736,115
47,725,136
47,33,123
47,14,124
47,713,135
47,751,86
47,428,121
47,388,94
47,678,154
47,484,148
47,398,132
47,713,52
47,410,75
47,10,134
47,170,146
47,427,71
47,807,103
47,1,128
47,256,137
47,166,83
47,747,97
47,471,80
47,139,138
47,83,88
47,756,118
47,748,110
47,111,89
47,340,130
47,417,84
47,52,89
47,20,140
47,55,147
47,358,80
47,442,78
47,175,114
48,420,130
48,808,115
48,356,133
48,434,113
48,444,147
48,448,128
48,410,120
48,375,81
48,406,97
48,843,145
48,404,151
48,414,139
48,699,111
48,393,80
48,435,81
48,443,137
48,724,146
48,55,136
48,729,119
48,473,156
48,399,122
48,729,109
48,770,113
48,725,136
48,420,75
48,713,135
48,7,126
48,680,51
48,393,93
48,751,86
48,428,121
48,170,146
48,398,132
48,50,38
48,678,154
48,484,148
48,356,120
48,3,148
48,747,97
48,46,26
48,409,74
48,739,114
48,807,103
48,12,139
48,83,149
48,756,118
48,256,137
48,16,70
48,413,85
48,111,89
48,340,130
48,33,123
48,55,147
49,374,78
49,356,133
49,808,115
49,403,122
49,392,80
49,420,130
49,434,113
49,448,128
49,444,147
49,405,150
49,843,145
49,770,113
49,407,77
49,406,97
49,699,111
49,395,97
49,363,80
49,443,137
49,724,146
49,413,138
49,55,136
49,729,119
49,473,156
49,3,3
49,729,109
49,7,126
49,725,136
49,713,135
49,403,135
49,420,74
49,751,86
49,170,146
49,484,148
49,747,97
49,428,121
49,434,83
49,678,154
49,641,50
49,739,114
49,5,143
49,340,131
49,807,103
49,349,81
49,756,118
49,83,150
49,109,90
49,20,140
49,139,138
49,6,116
49,32,123
49,197,115
49,356,120
49,175,114
49,415,84
49,458,152
49,250,117
50,405,150
50,808,115
50,420,130
50,448,128
50,356,133
50,402,121
50,444,147
50,372,79
50,699,111
50,404,78
50,845,147
50,405,97
50,7,126
50,443,137
50,87,151
50,415,73
50,724,146
50,484,148
50,729,119
50,384,74
50,751,85
50,473,156
50,770,113
50,729,109
50,412,136
50,56,136
50,419,101
50,713,135
50,725,136
50,442,115
50,394,85
50,428,121
50,747,97
50,346,81
50,354,122
50,678,154
50,425,71
50,389,97
50,12,145
50,597,50
50,170,146
50,90,140
50,361,80
50,401,135
50,739,114
50,807,103
50,412,85
50,435,81
50,756,118
50,340,130
50,384,84
50,139,137
50,563,56
50,111,90
50,175,114
50,250,117
50,238,154
50,141,73
50,235,119
50,458,152
51,420,130
51,808,115
51,356,133
51,405,150
51,402,121
51,55,136
51,448,128
51,444,147
51,2,146
51,699,111
51,395,85
51,370,79
51,410,136
51,845,147
51,405,97
51,419,101
51,729,119
51,381,76
51,443,137
51,724,146
51,751,85
51,473,156
51,83,150
51,770,113
51,484,148
51,729,109
51,7,126
51,395,97
51,412,85
51,442,115
51,435,81
51,713,135
51,354,122
51,416,72
51,431,118
51,77,78
51,725,136
51,678,154
51,745,95
51,340,131
51,242,83
51,739,114
51,398,133
51,807,103
51,170,146
51,756,118
51,343,81
51,358,82
51,12,139
51,139,137
51,550,51
51,252,83
51,79,89
51,458,152
51,175,114
52,404,150
52,408,135
52,402,121
52,11,125
52,448,128
52,12,75
52,405,97
52,770,113
52,368,79
52,808,115
52,396,79
52,384,77
52,433,113
52,699,111
52,729,119
52,444,147
52,845,147
52,355,124
52,480,153
52,443,137
52,724,146
52,2,144
52,413,126
52,677,154
52,751,86
52,464,158
52,372,129
52,729,109
52,391,94
52,56,138
52,713,135
52,356,134
52,725,136
52,397,132
52,745,95
52,48,36
52,32,123
52,410,72
52,82,149
52,739,114
52,141,76
52,807,103
52,756,118
52,355,82
52,11,135
52,215,85
52,432,79
52,44,25
52,161,91
52,498,51
52,1,129
52,342,82
52,256,138
52,169,147
53,404,150
53,408,135
53,699,112
53,448,128
53,843,145
53,389,77
53,435,113
53,402,121
53,770,113
53,367,79
53,408,100
53,355,124
53,480,153
53,413,126
53,443,137
53,724,146
53,444,147
53,713,135
53,677,154
53,404,89
53,1,121
53,55,138
53,751,85
53,729,109
53,395,96
53,808,115
53,356,134
53,372,129
53,82,154
53,397,132
53,725,136
53,428,121
53,464,158
53,224,84
53,32,123
53,739,114
53,426,72
53,354,82
53,234,84
53,807,103
53,5,143
53,729,119
53,756,118
53,11,135
53,13,125
53,400,73
53,746,95
53,380,83
53,141,77
53,1,2
53,240,154
53,169,147
53,250,117
53,436,79
53,20,140
53,197,115
54,404,150
54,408,135
54,372,129
54,366,80
54,435,113
54,448,128
54,843,145
54,427,72
54,406,97
54,770,113
54,403,121
54,359,128
54,356,51
54,730,119
54,480,153
54,390,97
54,443,137
54,699,112
54,808,115
54,413,126
54,724,146
54,87,148
54,713,135
54,677,154
54,398,91
54,444,149
54,383,78
54,398,132
54,729,109
54,725,136
54,751,85
54,410,77
54,56,136
54,464,158
54,7,126
54,428,121
54,739,114
54,8,140
54,33,123
54,90,138
54,354,83
54,807,103
54,242,85
54,224,85
54,745,95
54,537,80
54,335,82
54,321,138
54,142,79
54,461,79
54,169,147
54,756,118
54,435,79
54,19,141
54,250,117
54,139,138
54,256,138
54,197,115
55,404,150
55,408,135
55,365,80
55,808,115
55,843,145
55,443,137
55,355,121
55,770,113
55,402,121
55,434,114
55,405,97
55,407,78
55,480,153
55,426,129
55,444,147
55,420,117
55,700,119
55,2,146
55,724,146
55,397,78
55,427,71
55,713,135
55,397,132
55,413,126
55,255,137
55,725,136
55,751,85
55,729,109
55,32,123
55,418,78
55,676,154
55,82,150
55,6,126
55,356,134
55,464,158
55,739,114
55,390,94
55,372,129
55,55,136
55,250,117
55,105,147
55,320,137
55,445,125
55,807,103
55,351,82
55,290,51
55,729,119
55,19,140
55,333,82
55,379,85
55,756,118
55,386,73
55,142,79
55,746,95
55,77,76
55,748,109
55,165,79
55,138,138
55,78,86
56,404,150
56,363,81
56,408,135
56,808,115
56,408,76
56,447,129
56,842,145
56,770,113
56,55,137
56,403,121
56,436,115
56,427,71
56,729,119
56,480,153
56,406,97
56,359,128
56,699,112
56,444,148
56,398,132
56,82,150
56,724,146
56,47,35
56,713,135
56,673,154
56,12,125
56,395,78
56,729,109
56,398,91
56,415,84
56,751,85
56,417,118
56,33,123
56,3,148
56,739,114
56,725,136
56,464,158
56,419,130
56,433,141
56,387,86
56,372,129
56,42,23
56,256,137
56,340,131
56,388,97
56,379,76
56,250,117
56,138,138
56,807,103
56,746,95
56,228,53
56,11,139
56,756,118
56,748,109
56,170,146
56,1,129
56,87,81
56,321,138
56,11,76
56,142,80
56,197,115
56,429,129
57,770,113
57,408,76
57,842,145
57,408,135
57,415,85
57,444,147
57,372,74
57,699,112
57,55,136
57,405,150
57,448,128
57,432,113
57,403,121
57,717,146
57,398,132
57,406,97
57,359,128
57,384,73
57,807,115
57,393,79
57,6,152
57,443,137
57,364,83
57,480,153
57,713,135
57,398,91
57,428,78
57,7,126
57,739,114
57,415,119
57,81,151
57,1,118
57,728,109
57,676,154
57,725,136
57,751,85
57,464,158
57,388,92
57,468,81
57,340,131
57,428,144
57,420,133
57,33,122
57,139,138
57,807,103
57,729,119
57,379,85
57,197,115
57,250,117
57,7,139
57,170,146
57,142,81
57,756,118
57,787,56
57,321,137
57,548,78
58,408,76
58,404,150
58,808,115
58,408,135
58,435,115
58,480,153
58,402,122
58,365,81
58,447,129
58,770,113
58,387,74
58,412,125
58,843,145
58,359,128
58,387,92
58,425,79
58,398,132
58,699,112
58,422,144
58,730,119
58,724,146
58,673,154
58,398,91
58,713,135
58,12,125
58,32,123
58,450,144
58,425,128
58,109,58
58,410,90
58,105,148
58,55,137
58,729,109
58,725,136
58,751,86
58,411,100
58,739,114
58,464,158
58,82,150
58,775,55
58,170,146
58,138,137
58,13,142
58,748,109
58,88,135
58,379,85
58,807,103
58,197,115
58,250,117
58,756,118
58,745,95
58,1,129
58,320,138
58,166,87
59,408,76
59,404,150
59,770,118
59,413,119
59,402,122
59,420,130
59,354,124
59,435,115
59,407,91
59,401,136
59,676,154
59,447,129
59,391,78
59,699,112
59,416,146
59,365,81
59,480,153
59,843,145
59,427,71
59,717,146
59,2,146
59,367,132
59,6,126
59,32,123
59,81,150
59,739,114
59,728,109
59,443,148
59,417,81
59,807,115
59,356,134
59,105,147
59,464,158
59,751,85
59,725,136
59,53,142
59,392,96
59,713,135
59,138,137
59,758,53
59,169,146
59,79,83
59,235,119
59,320,138
59,197,115
59,729,119
59,807,103
59,377,85
59,756,118
59,11,139
59,256,138
59,430,83
59,746,95
59,50,132
59,353,83
59,111,87
59,340,130
60,409,76
60,420,128
60,770,113
60,448,128
60,435,113
60,389,79
60,410,93
60,842,145
60,4,147
60,356,133
60,444,147
60,480,153
60,404,148
60,443,137
60,717,146
60,699,112
60,56,137
60,735,115
60,419,78
60,13,125
60,409,135
60,46,34
60,370,74
60,415,147
60,14,64
60,410,120
60,464,158
60,396,91
60,398,132
60,676,154
60,428,121
60,725,136
60,367,84
60,386,96
60,751,85
60,379,82
60,807,103
60,140,66
60,139,137
60,170,146
60,747,109
60,20,140
60,78,149
60,340,131
60,11,135
60,41,21
60,807,115
60,736,52
60,197,113
60,250,118
60,356,120
60,45,129
60,435,79
60,55,148
60,457,80
60,712,135
60,11,74
60,354,83
60,367,133
61,433,113
61,386,78
61,403,151
61,446,129
61,409,93
61,770,113
61,255,138
61,843,145
61,717,146
61,483,148
61,443,149
61,355,127
61,408,135
61,409,74
61,699,111
61,472,156
61,368,74
61,394,85
61,426,71
61,409,120
61,419,128
61,751,86
61,713,135
61,7,151
61,398,132
61,708,51
61,676,154
61,725,136
61,6,126
61,52,142
61,729,109
61,808,115
61,392,95
61,739,114
61,320,138
61,3,116
61,7,139
61,19,140
61,138,137
61,360,83
61,50,132
61,458,152
61,439,79
61,729,119
61,175,114
61,340,131
61,196,112
61,807,103
61,82,150
61,249,118
61,495,72
61,664,73
61,110,89
61,140,68
61,36,85
61,428,122
62,434,114
62,770,113
62,842,145
62,435,82
62,480,153
62,376,78
62,447,128
62,354,124
62,717,146
62,255,138
62,392,80
62,404,151
62,699,112
62,405,86
62,409,96
62,442,146
62,407,76
62,356,134
62,399,122
62,735,115
62,6,126
62,417,73
62,409,135
62,392,95
62,398,132
62,82,150
62,676,154
62,53,142
62,725,136
62,713,135
62,410,120
62,32,122
62,464,158
62,7,143
62,89,133
62,674,50
62,751,85
62,105,147
62,808,115
62,419,137
62,747,109
62,50,132
62,366,82
62,320,138
62,807,103
62,169,147
62,138,137
62,90,143
62,196,112
62,725,155
62,756,118
62,353,81
63,770,113
63,842,145
63,433,113
63,480,153
63,354,124
63,3,146
63,373,82
63,407,85
63,712,135
63,447,128
63,717,146
63,699,112
63,402,122
63,395,97
63,444,147
63,405,97
63,411,74
63,382,75
63,735,115
63,356,134
63,391,80
63,416,133
63,6,126
63,676,154
63,53,142
63,105,147
63,725,136
63,404,150
63,82,150
63,32,123
63,807,115
63,398,132
63,464,158
63,320,138
63,362,81
63,751,85
63,636,50
63,426,71
63,76,82
63,747,109
63,50,132
63,255,138
63,807,104
63,385,96
63,249,117
63,349,81
63,470,73
63,169,146
63,435,81
63,74,72
63,420,80
63,138,137
63,196,112
63,19,140
63,756,116
64,404,78
64,447,129
64,842,145
64,672,154
64,717,146
64,480,153
64,729,119
64,370,81
64,402,121
64,55,136
64,699,112
64,433,113
64,412,85
64,807,115
64,770,113
64,3,147
64,418,101
64,713,134
64,416,133
64,404,151
64,355,124
64,402,91
64,728,109
64,12,125
64,401,135
64,725,136
64,356,134
64,388,98
64,739,114
64,44,32
64,443,148
64,464,158
64,750,85
64,806,103
64,425,71
64,383,76
64,83,150
64,393,86
64,435,80
64,591,50
64,45,130
64,250,117
64,170,146
64,415,73
64,10,135
64,425,81
64,138,137
64,55,148
64,345,81
64,197,112
64,256,138
64,451,74
64,745,95
64,38,20
64,1,128
64,360,80
64,321,137
64,19,140
64,106,147
64,340,131
64,756,116
65,443,148
65,402,122
65,842,145
65,355,133
65,770,113
65,54,136
65,672,154
65,717,146
65,446,129
65,401,136
65,369,79
65,407,86
65,414,71
65,713,134
65,480,152
65,394,85
65,388,77
65,699,112
65,405,98
65,433,113
65,388,98
65,404,150
65,434,81
65,11,125
65,729,109
65,412,125
65,725,136
65,739,114
65,751,85
65,6,143
65,169,146
65,464,158
65,419,136
65,355,120
65,250,117
65,808,115
65,54,148
65,341,82
65,807,103
65,6,74
65,44,130
65,729,119
65,424,71
65,82,150
65,196,112
65,357,81
65,105,147
65,4,116
65,18,140
66,443,148
66,735,115
66,402,122
66,842,145
66,769,113
66,408,135
66,404,150
66,355,121
66,717,146
66,395,78
66,433,113
66,480,152
66,367,79
66,446,129
66,672,154
66,355,133
66,807,115
66,55,136
66,405,97
66,388,98
66,698,111
66,712,134
66,6,126
66,397,133
66,725,136
66,806,102
66,249,117
66,407,86
66,80,151
66,419,128
66,396,91
66,750,85
66,745,95
66,380,73
66,464,158
66,11,139
66,54,148
66,410,72
66,44,129
66,196,112
66,747,109
66,255,138
66,87,141
66,175,118
66,380,83
66,164,91
66,355,82
66,755,118
66,138,138
67,735,115
67,355,121
67,842,145
67,402,122
67,388,77
67,444,147
67,408,135
67,3,146
67,769,113
67,717,146
67,366,79
67,404,150
67,435,115
67,480,152
67,446,128
67,807,115
67,405,97
67,673,155
67,698,111
67,356,134
67,725,136
67,418,78
67,806,102
67,55,135
67,6,126
67,397,133
67,712,134
67,391,97
67,394,86
67,750,85
67,379,83
67,464,158
67,409,49
67,250,117
67,406,86
67,45,130
67,747,109
67,54,148
67,353,82
67,398,68
67,745,95
67,755,118
67,19,140
67,196,112
67,138,137
67,426,72
67,256,138
67,72,70
67,420,131
68,443,148
68,440,115
68,672,154
68,403,150
68,377,75
68,401,121
68,807,115
68,365,80
68,842,145
68,729,119
68,446,129
68,769,113
68,408,78
68,346,50
68,716,146
68,408,135
68,700,121
68,426,72
68,355,133
68,54,136
68,480,153
68,11,125
68,725,136
68,698,111
68,397,132
68,397,91
68,355,120
68,371,129
68,389,97
68,806,103
68,407,96
68,2,147
68,739,114
68,728,109
68,249,117
68,41,30
68,750,85
68,418,129
68,388,80
68,82,150
68,745,95
68,430,118
68,464,158
68,755,118
68,18,140
68,462,79
68,54,147
68,353,83
68,196,112
68,711,135
68,233,85
68,379,85
68,44,130
68,141,79
68,169,146
69,433,113
69,672,154
69,443,148
69,403,150
69,842,145
69,425,128
69,699,112
69,401,121
69,364,80
69,729,119
69,412,126
69,769,113
69,446,129
69,358,128
69,717,146
69,480,153
69,401,77
69,807,115
69,420,78
69,54,136
69,401,136
69,11,125
69,397,91
69,740,114
69,419,118
69,725,136
69,712,134
69,403,99
69,389,97
69,745,95
69,249,117
69,282,51
69,385,81
69,407,86
69,728,109
69,807,103
69,751,85
69,81,150
69,413,94
69,7,151
69,371,129
69,755,118
69,9,135
69,18,140
69,9,85
69,196,112
69,53,148
69,438,139
69,536,79
69,298,54
69,458,152
69,137,138
69,44,130
69,2,116
70,403,150
70,841,145
70,434,113
70,443,148
70,364,80
70,355,133
70,769,113
70,355,120
70,385,73
70,407,77
70,54,136
70,446,129
70,408,135
70,402,121
70,712,134
70,716,146
70,427,71
70,405,97
70,480,153
70,699,122
70,397,133
70,5,126
70,419,78
70,698,112
70,397,91
70,734,115
70,675,153
70,86,138
70,750,85
70,744,95
70,5,142
70,724,136
70,806,103
70,249,117
70,219,53
70,418,129
70,395,80
70,87,128
70,428,143
70,387,86
70,417,118
70,81,150
70,463,158
70,747,110
70,470,80
70,807,115
70,371,129
70,755,118
70,196,112
70,792,58
70,175,114
70,388,97
70,54,147
70,227,155
70,169,146
70,373,85
71,403,150
71,443,148
71,434,113
71,355,133
71,407,77
71,447,128
71,712,134
71,403,134
71,769,113
71,382,73
71,405,97
71,844,147
71,401,122
71,417,146
71,700,122
71,698,111
71,3,146
71,397,78
71,480,153
71,371,74
71,723,146
71,735,115
71,80,150
71,724,136
71,54,138
71,427,71
71,397,91
71,807,115
71,6,126
71,414,85
71,71,66
71,362,83
71,442,137
71,411,127
71,750,85
71,355,120
71,806,102
71,425,140
71,386,86
71,371,129
71,672,154
71,249,117
71,463,158
71,745,95
71,109,87
71,747,110
71,419,117
71,18,140
71,755,118
71,73,78
71,174,114
71,429,82
71,31,123
71,376,85
71,158,55
71,387,96
71,137,138
71,786,56
71,392,68
72,404,150
72,841,145
72,11,125
72,698,112
72,769,113
72,364,81
72,447,128
72,401,121
72,435,115
72,415,118
72,407,77
72,716,146
72,426,71
72,397,132
72,385,78
72,2,147
72,358,128
72,443,147
72,410,100
72,700,122
72,422,145
72,442,137
72,371,129
72,80,151
72,744,95
72,54,135
72,734,115
72,479,153
72,675,153
72,724,136
72,392,68
72,807,115
72,463,158
72,711,134
72,402,90
72,806,103
72,750,85
72,414,85
72,101,58
72,773,55
72,33,16
72,9,135
72,249,117
72,395,78
72,427,121
72,414,128
72,747,110
72,39,28
72,387,92
72,755,118
72,108,88
72,18,140
72,430,82
72,187,64
72,376,85
72,137,138
72,174,114
72,195,113
72,409,139
72,53,147
72,159,158
73,419,128
73,698,112
73,404,150
73,841,145
73,401,121
73,769,113
73,447,128
73,435,115
73,415,146
73,397,132
73,358,128
73,716,146
73,381,81
73,700,122
73,442,137
73,407,76
73,407,98
73,365,82
73,744,95
73,728,109
73,54,135
73,443,147
73,80,151
73,463,158
73,479,153
73,724,136
73,675,153
73,407,86
73,711,134
73,750,85
73,392,81
73,807,115
73,407,135
73,806,103
73,755,54
73,420,71
73,738,114
73,427,121
73,397,91
73,9,135
73,11,125
73,249,117
73,385,94
73,755,118
73,371,129
73,2,117
73,18,140
73,53,147
73,663,74
73,413,119
73,108,89
73,392,68
73,728,119
73,425,82
73,137,138
73,174,114
74,841,145
74,403,151
74,407,76
74,418,136
74,378,81
74,769,113
74,447,128
74,414,147
74,435,115
74,716,146
74,85,136
74,442,137
74,5,126
74,402,98
74,81,150
74,358,128
74,54,138
74,369,74
74,698,112
74,408,120
74,419,71
74,139,65
74,479,153
74,711,134
74,728,109
74,401,136
74,5,143
74,411,93
74,806,115
74,724,136
74,806,103
74,750,85
74,738,114
74,442,148
74,463,158
74,675,154
74,427,121
74,249,117
74,385,96
74,731,52
74,728,119
74,755,118
74,361,81
74,394,80
74,4,63
74,398,122
74,699,122
74,402,88
74,335,83
74,109,89
74,227,155
74,745,95
74,137,137
74,87,126
74,320,137
74,44,129
74,104,147
74,35,85
74,174,118
74,371,129
75,841,145
75,418,135
75,403,121
75,769,113
75,447,128
75,410,148
75,716,146
75,435,115
75,711,134
75,393,80
75,442,137
75,5,126
75,406,135
75,355,127
75,54,138
75,403,97
75,698,112
75,413,95
75,377,77
75,425,71
75,479,153
75,728,109
75,408,75
75,2,146
75,442,149
75,724,136
75,750,85
75,738,114
75,703,51
75,806,115
75,463,158
75,675,154
75,366,132
75,427,121
75,806,103
75,385,96
75,404,86
75,728,119
75,79,151
75,755,118
75,364,83
75,10,139
75,699,122
75,137,137
75,72,74
75,745,94
75,70,64
75,226,155
75,104,147
75,438,79
75,248,118
75,415,85
75,31,122
75,495,78
75,174,118
76,841,145
76,368,74
76,432,113
76,769,113
76,402,121
76,411,138
76,403,151
76,447,128
76,716,146
76,403,97
76,53,135
76,711,134
76,698,112
76,418,75
76,442,137
76,391,80
76,433,82
76,355,127
76,442,148
76,5,126
76,728,119
76,378,76
76,479,153
76,751,84
76,728,109
76,393,96
76,724,136
76,405,86
76,806,115
76,806,103
76,738,114
76,405,76
76,37,26
76,2,146
76,419,131
76,137,137
76,463,158
76,31,15
76,755,116
76,673,153
76,396,132
76,667,50
76,10,139
76,699,122
76,79,151
76,174,118
76,427,122
76,53,147
76,248,117
76,747,94
76,369,85
76,340,83
76,44,130
76,350,81
77,698,112
77,841,145
77,728,119
77,410,73
77,432,113
77,716,146
77,368,74
77,53,135
77,806,115
77,394,97
77,446,129
77,442,148
77,401,122
77,355,127
77,418,134
77,380,76
77,411,95
77,5,126
77,769,117
77,404,150
77,710,135
77,479,153
77,405,86
77,751,84
77,728,109
77,393,85
77,805,103
77,425,71
77,724,136
77,738,114
77,463,158
77,137,137
77,396,132
77,346,81
77,673,153
77,8,151
77,10,139
77,320,138
77,53,147
77,755,116
77,248,117
77,384,96
77,254,138
77,79,151
77,174,118
77,427,122
77,408,136
77,43,129
77,434,81
77,699,122
77,630,50
77,411,125
77,69,70
78,841,145
78,401,122
78,698,112
78,447,128
78,769,113
78,442,148
78,716,146
78,5,126
78,728,119
78,380,76
78,394,97
78,54,136
78,432,114
78,355,127
78,370,79
78,418,135
78,442,137
78,403,150
78,806,115
78,84,134
78,424,71
78,402,78
78,414,73
78,479,153
78,392,85
78,728,109
78,411,95
78,711,134
78,751,84
78,10,141
78,137,137
78,806,103
78,724,136
78,342,81
78,400,135
78,742,114
78,463,158
78,673,153
78,584,50
78,79,151
78,358,82
78,53,147
78,755,116
78,248,118
78,88,123
78,174,118
78,435,82
78,411,125
78,384,96
78,411,85
78,43,129
78,450,80
78,104,147
78,747,94
79,384,75
79,698,112
79,401,122
79,53,136
79,418,130
79,2,145
79,841,145
79,728,119
79,408,136
79,716,146
79,367,74
79,442,148
79,432,113
79,768,113
79,482,148
79,445,128
79,403,150
79,727,109
79,806,115
79,355,127
79,394,90
79,671,154
79,723,136
79,403,97
79,805,103
79,71,75
79,4,126
79,471,156
79,710,134
79,749,86
79,746,109
79,413,71
79,375,81
79,433,81
79,387,98
79,79,150
79,68,61
79,398,78
79,410,85
79,30,122
79,699,122
79,136,137
79,396,132
79,339,81
79,755,116
79,280,153
79,240,83
79,43,129
79,248,118
79,173,114
79,533,50
79,457,152
79,53,147
79,40,79
79,355,82
79,427,73
79,418,101
79,139,75
80,442,148
80,401,122
80,432,113
80,768,113
80,841,145
80,728,119
80,407,135
80,698,112
80,53,136
80,716,146
80,386,81
80,366,79
80,806,115
80,442,137
80,403,150
80,418,133
80,376,74
80,728,109
80,479,153
80,404,97
80,5,126
80,2,146
80,396,133
80,395,90
80,355,134
80,710,134
80,749,86
80,805,103
80,746,109
80,723,136
80,36,25
80,463,158
80,79,150
80,353,124
80,10,139
80,755,118
80,673,154
80,387,97
80,30,13
80,434,78
80,411,125
80,30,122
80,248,118
80,53,147
80,409,72
80,136,137
80,445,124
80,43,129
80,140,77
80,85,76
80,173,114
80,768,92
80,699,122
80,168,146
80,427,122
80,336,81
80,423,83
80,399,79
81,401,122
81,709,135
81,439,114
81,418,129
81,728,119
81,442,148
81,403,150
81,407,135
81,841,145
81,698,112
81,387,77
81,806,115
81,53,137
81,364,81
81,715,146
81,671,154
81,445,129
81,355,133
81,471,156
81,416,78
81,768,113
81,482,148
81,403,97
81,727,109
81,699,122
81,427,52
81,805,102
81,4,126
81,8,150
81,723,136
81,749,86
81,370,129
81,396,133
81,393,68
81,393,96
81,429,117
81,425,72
81,746,110
81,393,85
81,398,50
81,240,85
81,79,150
81,744,95
81,755,116
81,254,138
81,168,146
81,10,139
81,377,75
81,43,129
81,248,117
81,423,62
81,352,83
81,30,122
81,173,114
81,136,138
81,63,137
81,457,152
81,354,120
81,434,79
81,139,77
81,768,92
81,31,148
82,709,135
82,401,122
82,53,136
82,336,50
82,407,135
82,728,119
82,447,128
82,698,112
82,440,114
82,403,150
82,365,80
82,385,80
82,841,145
82,716,146
82,442,148
82,768,113
82,727,109
82,806,115
82,442,137
82,479,153
82,354,127
82,404,97
82,417,78
82,84,131
82,805,102
82,4,126
82,723,136
82,397,132
82,746,109
82,389,97
82,463,158
82,404,85
82,418,134
82,371,128
82,426,72
82,750,84
82,377,74
82,429,117
82,10,142
82,399,73
82,672,154
82,411,125
82,699,122
82,140,79
82,241,85
82,745,95
82,754,118
82,137,138
82,168,146
82,83,120
82,248,118
82,53,147
82,75,149
82,393,86
82,352,83
82,43,129
82,31,122
82,173,114
82,84,79
83,403,150
83,401,122
83,407,135
83,445,129
83,698,113
83,403,97
83,734,115
83,841,145
83,1,145
83,442,148
83,370,129
83,402,84
83,715,146
83,708,135
83,363,80
83,53,137
83,768,113
83,357,128
83,396,133
83,4,126
83,471,156
83,806,115
83,384,81
83,434,115
83,271,51
83,424,116
83,805,103
83,723,136
83,417,135
83,482,146
83,437,139
83,66,59
83,426,71
83,749,86
83,394,90
83,671,154
83,432,130
83,139,79
83,746,109
83,744,95
83,386,96
83,415,78
83,755,116
83,248,117
83,352,82
83,136,138
83,168,146
83,17,140
83,279,154
83,103,147
83,377,73
83,80,154
83,43,129
83,68,70
83,319,137
83,330,82
83,173,118
84,401,122
84,403,150
84,442,148
84,768,113
84,841,145
84,698,112
84,734,115
84,363,81
84,397,78
84,406,135
84,27,11
84,716,146
84,432,114
84,671,154
84,445,129
84,416,118
84,2,146
84,370,129
84,396,132
84,708,135
84,386,76
84,471,156
84,357,128
84,806,115
84,33,23
84,402,98
84,482,146
84,426,71
84,53,136
84,280,153
84,4,126
84,746,109
84,417,134
84,699,122
84,436,140
84,723,136
84,414,71
84,749,85
84,389,94
84,806,103
84,408,85
84,103,147
84,423,142
84,254,138
84,745,95
84,755,116
84,421,108
84,140,80
84,10,140
84,208,53
84,443,81
84,30,122
84,318,138
84,52,147
84,457,152
85,401,122
85,400,135
85,418,118
85,371,74
85,363,80
85,840,145
85,442,147
85,734,115
85,445,129
85,433,113
85,403,150
85,402,89
85,53,136
85,479,152
85,698,112
85,768,113
85,708,136
85,391,78
85,407,76
85,10,124
85,749,85
85,358,128
85,423,144
85,722,146
85,426,71
85,675,154
85,405,99
85,392,96
85,411,127
85,783,56
85,744,95
85,280,153
85,723,136
85,381,73
85,745,109
85,31,123
85,254,138
85,414,84
85,6,150
85,806,115
85,805,103
85,10,139
85,424,132
85,755,116
85,137,138
85,378,85
85,698,122
85,140,81
85,53,147
85,319,137
85,392,68
85,168,146
85,457,152
85,615,77
85,173,114
86,403,150
86,401,122
86,442,148
86,734,115
86,434,115
86,354,133
86,718,142
86,406,96
86,4,126
86,420,77
86,363,81
86,841,145
86,402,83
86,698,112
86,471,156
86,806,115
86,671,154
86,445,129
86,406,135
86,422,144
86,412,125
86,389,78
86,53,136
86,768,113
86,708,135
86,84,129
86,749,86
86,411,72
86,699,122
86,805,103
86,426,121
86,746,109
86,482,146
86,280,153
86,91,58
86,396,132
86,354,120
86,365,132
86,49,118
86,4,140
86,386,96
86,248,117
86,30,122
86,755,116
86,168,146
86,136,138
86,457,152
86,85,118
86,254,138
86,318,137
86,443,81
86,53,147
86,377,85
87,418,130
87,402,84
87,402,150
87,734,115
87,400,122
87,414,146
87,841,145
87,698,112
87,445,129
87,53,137
87,4,126
87,432,113
87,806,115
87,389,77
87,399,135
87,708,135
87,768,113
87,722,145
87,442,147
87,354,134
87,366,85
87,419,71
87,407,97
87,365,133
87,65,57
87,368,74
87,479,153
87,749,85
87,805,102
87,699,122
87,751,53
87,379,81
87,41,61
87,136,137
87,746,109
87,745,95
87,353,124
87,671,154
87,462,158
87,9,139
87,247,117
87,411,78
87,30,122
87,385,96
87,426,121
87,107,88
87,755,116
87,394,90
87,77,150
88,418,131
88,734,115
88,434,115
88,402,151
88,841,145
88,377,81
88,354,133
88,403,97
88,445,128
88,698,112
88,53,137
88,722,145
88,400,136
88,408,120
88,806,115
88,368,74
88,768,113
88,4,126
88,471,156
88,442,147
88,402,84
88,707,135
88,482,146
88,805,102
88,699,122
88,749,86
88,413,147
88,386,94
88,729,52
88,746,109
88,354,120
88,671,154
88,247,117
88,426,121
88,418,71
88,407,75
88,744,95
88,25,10
88,32,22
88,4,140
88,3,63
88,30,122
88,365,84
88,254,137
88,755,116
88,107,88
88,390,82
88,103,147
88,136,139
88,43,129
88,52,147
88,714,151
88,365,133
88,280,153
88,167,146
88,457,152
88,447,81
88,662,73
89,418,128
89,734,115
89,402,151
89,434,115
89,53,136
89,384,77
89,479,152
89,841,145
89,355,133
89,10,124
89,442,148
89,698,112
89,446,128
89,715,146
89,374,81
89,707,135
89,403,97
89,354,119
89,768,113
89,408,75
89,805,103
89,6,149
89,699,122
89,749,86
89,407,136
89,402,121
89,437,79
89,391,95
89,36,150
89,414,85
89,671,154
89,699,51
89,426,71
89,744,95
89,745,109
89,723,136
89,806,115
89,247,118
89,403,85
89,397,132
89,10,139
89,167,147
89,280,154
89,31,122
89,75,149
89,107,89
89,755,116
89,137,138
89,43,129
89,360,83
89,53,147
89,139,69
89,365,132
89,457,152
89,495,79
90,734,115
90,446,128
90,4,126
90,417,75
90,368,74
90,391,80
90,402,151
90,403,97
90,841,145
90,715,146
90,806,115
90,434,115
90,7,139
90,699,122
90,697,111
90,408,120
90,441,137
90,768,113
90,357,128
90,390,90
90,442,147
90,707,135
90,805,102
90,479,153
90,424,128
90,53,138
90,414,133
90,401,134
90,433,82
90,749,84
90,411,85
90,723,136
90,380,77
90,85,115
90,84,126
90,397,122
90,671,154
90,744,95
90,30,122
90,103,147
90,462,158
90,664,50
90,339,83
90,746,110
90,404,77
90,754,118
90,369,85
90,194,112
90,107,89
91,418,129
91,734,115
91,446,128
91,402,151
91,390,80
91,715,146
91,368,74
91,698,112
91,410,74
91,401,122
91,31,122
91,354,133
91,403,97
91,841,145
91,806,115
91,392,90
91,441,137
91,399,135
91,768,113
91,67,67
91,707,135
91,805,102
91,699,122
91,442,148
91,471,156
91,380,78
91,723,136
91,53,138
91,432,113
91,411,139
91,4,126
91,65,55
91,411,84
91,2,144
91,749,86
91,482,146
91,426,121
91,424,71
91,671,154
91,744,95
91,624,50
91,746,110
91,359,82
91,754,118
91,136,138
91,107,91
91,343,82
91,43,129
91,135,73
92,418,130
92,446,128
92,715,146
92,841,145
92,402,150
92,413,72
92,387,80
92,403,97
92,423,71
92,400,122
92,768,113
92,727,109
92,442,147
92,373,73
92,367,81
92,707,136
92,441,137
92,394,88
92,417,101
92,357,128
92,409,136
92,4,126
92,749,85
92,479,153
92,699,122
92,806,115
92,697,111
92,402,78
92,412,84
92,440,115
92,53,138
92,399,136
92,723,136
92,5,138
92,744,95
92,671,154
92,462,158
92,30,122
92,426,121
92,578,50
92,23,9
92,386,97
92,356,82
92,741,113
92,30,20
92,805,103
92,423,81
92,733,120
92,43,129
92,341,81
92,754,118
92,103,147
92,456,73
92,139,75
92,254,137
93,397,78
93,418,129
93,442,148
93,698,112
93,386,81
93,53,136
93,401,122
93,408,135
93,368,80
93,403,150
93,841,145
93,727,109
93,806,115
93,445,129
93,403,97
93,482,148
93,715,146
93,354,127
93,471,156
93,707,136
93,768,113
93,395,89
93,699,122
93,432,114
93,4,126
93,9,149
93,387,98
93,805,102
93,749,85
93,723,136
93,380,73
93,34,151
93,396,133
93,671,155
93,745,97
93,433,81
93,338,81
93,415,73
93,389,114
93,43,129
93,746,110
93,31,122
93,733,120
93,529,50
93,5,74
93,411,85
93,222,83
93,240,83
93,9,139
93,355,82
93,450,80
93,755,118
93,423,81
94,393,78
94,841,145
94,446,128
94,403,150
94,697,112
94,4,126
94,715,146
94,399,136
94,478,153
94,394,89
94,433,113
94,768,113
94,400,122
94,727,109
94,364,82
94,442,147
94,441,137
94,381,77
94,706,136
94,354,134
94,749,85
94,699,122
94,83,124
94,404,99
94,53,136
94,417,128
94,353,124
94,675,154
94,385,96
94,723,137
94,806,115
94,84,112
94,745,97
94,78,150
94,462,158
94,352,82
94,426,121
94,30,122
94,805,103
94,745,109
94,476,50
94,8,139
94,254,138
94,733,120
94,435,79
94,248,117
94,103,152
94,754,118
94,43,129
95,418,133
95,400,136
95,698,112
95,841,145
95,401,122
95,734,115
95,439,114
95,442,146
95,355,133
95,384,81
95,715,146
95,403,150
95,471,156
95,395,89
95,445,128
95,365,80
95,707,135
95,417,72
95,63,53
95,392,49
95,768,113
95,699,122
95,2,144
95,66,64
95,53,137
95,4,126
95,806,115
95,749,86
95,387,96
95,404,97
95,805,102
95,723,136
95,746,109
95,353,121
95,351,83
95,745,97
95,391,71
95,671,154
95,411,125
95,482,145
95,421,51
95,429,117
95,30,122
95,374,73
95,434,79
95,248,117
95,43,129
95,458,79
95,755,118
95,457,152
95,17,140
95,136,138
95,402,80
95,75,148
96,841,145
96,403,150
96,433,113
96,406,135
96,417,128
96,4,126
96,21,7
96,727,118
96,446,128
96,400,122
96,408,77
96,364,80
96,442,147
96,478,153
96,394,89
96,715,146
96,396,132
96,357,128
96,441,137
96,697,111
96,53,137
96,328,50
96,385,80
96,404,97
96,749,85
96,706,136
96,420,77
96,768,113
96,723,136
96,432,79
96,698,121
96,2,145
96,674,154
96,78,151
96,745,109
96,743,95
96,30,122
96,462,158
96,349,82
96,805,103
96,27,18
96,103,147
96,805,115
96,139,79
96,426,122
96,240,85
96,42,129
96,136,138
96,754,118
96,376,75
96,195,115
96,377,62
96,396,73
96,17,140
96,52,147
96,84,79
97,442,147
97,841,145
97,698,112
97,402,150
97,406,135
97,403,97
97,445,128
97,806,115
97,400,122
97,424,122
97,395,78
97,361,81
97,8,148
97,727,110
97,396,132
97,715,146
97,384,81
97,478,153
97,357,128
97,3,126
97,394,89
97,707,136
97,433,115
97,723,136
97,53,137
97,768,113
97,406,76
97,411,126
97,805,103
97,34,150
97,746,109
97,750,85
97,744,95
97,78,151
97,699,122
97,425,71
97,671,154
97,432,130
97,462,158
97,733,120
97,413,84
97,103,153
97,265,51
97,42,129
97,386,96
97,30,122
97,755,118
97,136,138
97,371,74
97,351,82
97,795,58
98,442,147
98,4,126
98,402,134
98,393,78
98,841,145
98,402,150
98,401,122
98,715,146
98,445,128
98,361,81
98,727,118
98,357,128
98,415,118
98,471,156
98,414,133
98,697,111
98,83,122
98,433,113
98,404,97
98,369,74
98,706,136
98,395,89
98,749,85
98,282,154
98,407,75
98,51,141
98,723,136
98,768,113
98,30,122
98,389,97
98,103,146
98,426,71
98,806,115
98,698,121
98,481,149
98,385,86
98,78,151
98,8,139
98,743,95
98,745,109
98,674,154
98,418,78
98,805,103
98,425,143
98,84,109
98,43,129
98,136,138
98,203,53
98,754,118
98,84,81
98,351,82
98,408,85
98,639,77
98,62,137
98,35,86
98,427,128
98,108,86
98,370,129
98,149,158
98,56,87
99,442,148
99,371,74
99,479,152
99,433,113
99,715,146
99,841,145
99,401,122
99,445,128
99,400,135
99,391,78
99,727,109
99,403,150
99,706,136
99,418,118
99,697,111
99,411,71
99,404,84
99,65,63
99,355,134
99,4,126
99,361,81
99,385,86
99,749,85
99,381,73
99,395,89
99,768,113
99,62,51
99,417,145
99,54,137
99,354,120
99,404,97
99,425,79
99,421,135
99,412,128
99,9,139
99,806,115
99,698,121
99,723,136
99,463,158
99,31,122
99,745,97
99,745,109
99,675,154
99,142,56
99,805,103
99,414,84
99,733,120
99,392,68
99,137,138
99,387,96
99,75,149
99,43,129
99,425,157
99,754,118
99,109,87
99,443,79
99,780,56
99,104,146
99,658,76
99,196,115
100,399,135
100,715,146
100,445,128
100,727,118
100,400,122
100,442,147
100,402,150
100,4,126
100,806,115
100,389,78
100,471,156
100,412,119
100,406,99
100,697,111
100,425,71
100,415,146
100,354,134
100,402,84
100,768,113
100,706,136
100,843,147
100,768,54
100,432,114
100,369,74
100,26,17
100,353,124
100,388,96
100,698,121
100,749,85
100,723,136
100,805,103
100,419,135
100,361,82
100,675,154
100,744,95
100,53,136
100,481,145
100,30,122
100,412,72
100,746,110
100,4,137
100,86,58
100,20,5
100,365,132
100,426,122
100,350,83
100,755,118
100,377,85
100,42,129
100,426,83
100,194,112
100,103,152
100,136,138
100,2,51
100,162,157
100,456,152
101,6,149
101,445,128
101,418,130
101,407,76
101,734,115
101,442,147
101,715,146
101,4,126
101,806,115
101,402,150
101,432,114
101,471,156
101,405,121
101,698,112
101,384,86
101,419,71
101,706,136
101,768,113
101,843,147
101,412,145
101,396,132
101,357,128
101,407,97
101,749,85
101,723,136
101,805,103
101,390,78
101,744,95
101,394,89
101,748,52
101,369,74
101,406,135
101,53,137
101,30,146
101,482,148
101,30,122
101,363,83
101,428,83
101,676,154
101,746,110
101,385,96
101,662,74
101,37,61
101,248,117
101,524,78
101,755,118
101,43,129
101,195,115
101,136,138
101,104,152
101,162,157
102,418,128
102,442,147
102,433,113
102,841,145
102,734,115
102,715,146
102,53,136
102,403,97
102,402,151
102,354,119
102,706,137
102,445,128
102,83,120
102,471,156
102,386,79
102,4,126
102,354,133
102,107,89
102,768,113
102,400,136
102,419,71
102,368,74
102,675,154
102,376,82
102,407,75
102,698,111
102,413,147
102,749,85
102,387,96
102,408,119
102,698,121
102,806,115
102,723,136
102,138,66
102,743,95
102,30,122
102,403,85
102,426,121
102,724,51
102,5,139
102,482,148
102,805,103
102,745,109
102,85,108
102,359,81
102,432,80
102,338,131
102,43,129
102,517,78
102,754,118
102,136,138
102,398,122
102,17,139
102,457,152
103,442,147
103,841,145
103,715,146
103,408,148
103,445,128
103,402,121
103,368,74
103,706,137
103,432,114
103,374,82
103,403,97
103,768,113
103,4,126
103,727,118
103,353,124
103,675,154
103,418,132
103,354,134
103,384,77
103,426,83
103,749,85
103,698,111
103,471,156
103,61,49
103,394,89
103,396,132
103,53,136
103,698,121
103,406,135
103,806,115
103,416,74
103,723,136
103,387,97
103,2,144
103,248,118
103,481,149
103,745,97
103,414,84
103,63,61
103,30,122
103,737,114
103,103,147
103,805,103
103,694,50
103,338,131
103,437,79
103,43,129
103,352,83
103,195,115
103,754,118
103,9,135
103,136,138
103,35,70
103,117,72
104,442,147
104,390,80
104,715,146
104,403,150
104,734,115
104,446,128
104,841,145
104,432,114
104,706,137
104,368,74
104,403,97
104,441,137
104,806,115
104,768,113
104,408,120
104,471,156
104,378,75
104,417,74
104,354,134
104,675,154
104,749,85
104,353,124
104,698,111
104,723,136
104,404,76
104,4,126
104,53,136
104,413,133
104,698,121
104,805,102
104,659,50
104,397,122
104,744,95
104,482,147
104,387,98
104,4,138
104,433,81
104,254,138
104,24,16
104,43,129
104,395,132
104,103,147
104,402,140
104,746,110
104,248,117
104,30,122
104,18,5
104,338,131
104,412,84
104,348,80
104,369,85
104,107,90
104,754,118
104,138,71
104,195,115
104,136,138
105,442,147
105,403,150
105,715,146
105,403,97
105,841,145
105,446,128
105,705,137
105,410,84
105,369,81
105,400,121
105,441,137
105,471,156
105,9,147
105,768,113
105,727,119
105,354,134
105,675,154
105,726,109
105,410,74
105,749,85
105,353,124
105,698,111
105,411,125
105,395,89
105,380,78
105,53,136
105,35,146
105,805,115
105,423,71
105,440,115
105,698,121
105,399,135
105,723,136
105,43,129
105,429,118
105,410,138
105,482,147
105,103,147
105,737,114
105,745,97
105,4,125
105,805,103
105,30,122
105,344,81
105,617,49
105,754,118
105,9,135
105,195,115
105,139,78
105,136,138
105,423,81
105,90,91
105,248,117
106,715,146
106,841,145
106,734,115
106,806,115
106,423,71
106,705,138
106,768,113
106,446,128
106,401,78
106,383,72
106,400,121
106,403,97
106,442,147
106,394,89
106,367,81
106,417,101
106,441,137
106,403,150
106,413,72
106,410,84
106,409,136
106,471,156
106,354,134
106,698,111
106,675,154
106,749,85
106,353,124
106,53,135
106,399,135
106,411,126
106,440,115
106,698,121
106,723,136
106,86,115
106,805,102
106,4,126
106,341,81
106,429,118
106,357,81
106,482,147
106,103,147
106,745,97
106,381,83
106,385,96
106,745,109
106,43,129
106,4,139
106,30,122
106,572,49
106,17,140
106,248,117
106,425,81
106,63,137
106,754,118
106,136,138
106,139,74
107,396,78
107,400,122
107,841,145
107,403,97
107,446,128
107,3,122
107,442,147
107,705,137
107,726,109
107,53,136
107,403,150
107,366,82
107,394,89
107,749,85
107,478,153
107,715,146
107,1,144
107,413,132
107,431,113
107,727,119
107,411,71
107,354,134
107,386,81
107,353,124
107,697,111
107,768,113
107,62,59
107,59,47
107,380,72
107,4,74
107,723,136
107,385,96
107,806,115
107,674,154
107,399,135
107,410,82
107,423,128
107,737,114
107,805,103
107,355,81
107,30,123
107,462,158
107,43,129
107,248,117
107,249,83
107,744,95
107,523,49
107,422,80
107,698,122
107,17,140
107,194,113
107,754,118
107,427,71
107,83,80
107,417,101
108,734,115
108,715,146
108,406,135
108,841,145
108,393,78
108,446,128
108,403,150
108,705,138
108,365,79
108,400,121
108,357,128
108,411,126
108,404,99
108,394,89
108,432,113
108,4,126
108,768,113
108,675,154
108,442,147
108,381,77
108,441,137
108,806,115
108,726,109
108,698,111
108,749,85
108,471,156
108,53,138
108,418,136
108,723,136
108,22,15
108,1,155
108,15,3
108,396,132
108,745,97
108,469,50
108,423,78
108,698,122
108,805,103
108,253,137
108,103,147
108,426,121
108,481,149
108,408,82
108,386,95
108,43,129
108,352,82
108,745,109
108,4,137
108,63,137
108,456,49
108,17,140
108,754,118
108,391,68
108,248,117
108,462,79
108,417,101
109,841,145
109,406,135
109,403,150
109,433,113
109,446,128
109,705,138
109,383,81
109,726,109
109,8,146
109,364,80
109,411,126
109,357,128
109,395,89
109,404,97
109,768,113
109,441,137
109,400,122
109,4,126
109,396,132
109,421,77
109,442,147
109,722,146
109,387,96
109,471,156
109,749,85
109,697,111
109,35,146
109,414,59
109,723,136
109,382,49
109,401,80
109,53,138
109,103,147
109,805,115
109,674,154
109,43,129
109,481,149
109,426,121
109,737,114
109,351,82
109,805,103
109,412,85
109,30,122
109,63,137
109,412,72
109,372,73
109,240,84
109,417,134
109,433,79
109,462,79
109,754,118
109,743,95
109,698,122
109,248,117
109,195,115
109,388,67
109,173,114
110,403,150
110,715,146
110,413,132
110,841,145
110,734,115
110,433,113
110,446,128
110,705,138
110,4,126
110,357,128
110,389,96
110,399,136
110,726,109
110,675,154
110,254,138
110,441,137
110,400,122
110,471,156
110,806,115
110,82,115
110,768,113
110,420,78
110,404,97
110,698,111
110,363,80
110,384,80
110,401,78
110,441,149
110,749,85
110,723,136
110,318,50
110,432,79
110,4,139
110,481,149
110,52,135
110,103,147
110,805,103
110,43,129
110,426,121
110,77,151
110,248,117
110,745,109
110,318,138
110,745,97
110,698,122
110,63,137
110,350,82
110,332,82
110,412,85
110,338,131
110,754,118
110,135,78
110,195,115
110,30,122
110,34,79
111,413,132
111,841,145
111,399,135
111,734,115
111,394,89
111,3,122
111,705,138
111,445,128
111,715,146
111,353,121
111,726,109
111,363,80
111,431,141
111,481,148
111,399,78
111,442,148
111,400,122
111,768,113
111,432,113
111,383,81
111,253,137
111,406,97
111,723,136
111,749,84
111,402,150
111,423,127
111,698,111
111,354,134
111,416,80
111,61,58
111,57,45
111,418,116
111,52,135
111,255,51
111,472,155
111,429,79
111,247,117
111,77,151
111,2,141
111,744,95
111,462,158
111,805,103
111,674,154
111,62,138
111,745,109
111,806,115
111,375,73
111,318,138
111,330,82
111,385,96
111,754,118
111,338,131
111,42,129
111,45,157
112,401,122
112,283,154
112,442,147
112,402,150
112,841,145
112,406,135
112,734,115
112,715,146
112,361,81
112,705,138
112,396,132
112,446,128
112,370,74
112,397,78
112,726,109
112,768,113
112,395,89
112,414,119
112,433,113
112,749,85
112,402,98
112,675,154
112,427,78
112,471,156
112,353,124
112,698,111
112,53,136
112,354,134
112,723,136
112,385,73
112,415,80
112,425,119
112,418,130
112,386,96
112,103,152
112,30,122
112,805,115
112,481,149
112,2,141
112,424,143
112,4,126
112,805,103
112,13,3
112,743,95
112,43,129
112,615,67
112,20,12
112,1,156
112,377,85
112,254,138
112,745,109
112,248,117
112,63,138
112,193,53
112,754,118
112,77,151
112,698,122
112,195,115
112,789,57
113,442,147
113,402,150
113,841,145
113,363,80
113,705,138
113,446,128
113,404,84
113,406,135
113,726,109
113,401,122
113,715,146
113,768,113
113,381,73
113,404,97
113,433,113
113,411,71
113,7,149
113,6,139
113,675,154
113,749,85
113,395,89
113,387,96
113,734,115
113,396,132
113,357,128
113,390,79
113,441,137
113,471,156
113,698,111
113,416,145
113,416,118
113,283,155
113,723,136
113,35,146
113,30,122
113,103,147
113,805,115
113,43,129
113,481,149
113,53,138
113,4,126
113,779,56
113,133,56
113,425,71
113,743,95
113,805,103
113,426,122
113,247,117
113,63,138
113,745,109
113,420,135
113,254,138
113,423,83
113,77,151
113,754,118
113,377,85
113,195,115
113,698,122
113,391,68
113,266,116
114,402,150
114,400,122
114,841,145
114,442,147
114,705,138
114,446,128
114,734,115
114,385,74
114,726,109
114,715,146
114,399,135
114,768,113
114,363,81
114,433,115
114,478,153
114,415,146
114,406,98
114,402,84
114,384,86
114,419,77
114,749,85
114,354,127
114,698,111
114,723,136
114,8,140
114,441,137
114,675,154
114,365,132
114,805,115
114,4,126
114,412,119
114,82,112
114,419,135
114,77,151
114,53,138
114,462,158
114,409,72
114,30,122
114,390,96
114,805,103
114,42,129
114,745,109
114,746,95
114,63,138
114,754,118
114,194,112
114,82,101
114,698,122
114,103,152
114,443,80
114,253,138
114,107,87
115,418,130
115,402,150
115,402,84
115,841,145
115,442,147
115,402,122
115,705,138
115,446,128
115,411,77
115,734,115
115,726,109
115,715,146
115,413,147
115,478,153
115,433,115
115,380,78
115,399,136
115,749,85
115,407,97
115,768,113
115,698,111
115,723,136
115,441,137
115,353,124
115,9,139
115,53,138
115,365,132
115,392,84
115,354,134
115,805,115
115,368,74
115,363,83
115,674,154
115,30,122
115,60,55
115,77,151
115,390,95
115,419,71
115,743,95
115,3,126
115,805,103
115,56,43
115,462,158
115,42,129
115,745,53
115,745,109
115,425,83
115,103,153
115,63,138
116,418,130
116,408,148
116,442,147
116,705,138
116,768,113
116,406,99
116,445,128
116,478,153
116,393,80
116,715,146
116,376,81
116,727,118
116,841,145
116,392,95
116,432,114
116,355,127
116,402,134
116,53,138
116,749,85
116,367,74
116,698,111
116,670,154
116,9,139
116,2,155
116,403,121
116,4,126
116,402,86
116,723,136
116,77,151
116,18,12
116,30,122
116,805,115
116,358,81
116,409,78
116,720,52
116,462,158
116,138,66
116,43,129
116,737,114
116,805,103
116,103,147
116,425,71
116,64,138
116,334,83
116,167,146
116,254,138
116,754,118
116,108,89
117,442,147
117,841,145
117,705,138
117,6,148
117,406,141
117,478,153
117,445,128
117,402,151
117,768,113
117,715,146
117,726,109
117,392,80
117,406,99
117,355,127
117,367,74
117,432,114
117,423,128
117,392,96
117,53,138
117,698,111
117,670,154
117,749,85
117,408,120
117,4,126
117,734,115
117,77,151
117,35,146
117,417,75
117,404,81
117,381,79
117,806,115
117,436,78
117,396,132
117,426,82
117,397,122
117,30,122
117,462,158
117,805,103
117,247,117
117,104,152
117,745,109
117,689,51
117,368,85
117,43,129
117,411,130
117,336,83
117,63,138
117,723,136
117,754,118
117,138,69
117,167,146
117,136,138
117,318,138
117,496,79
117,512,68
117,746,95
117,108,89
117,52,148
117,195,115
117,481,75
117,352,81
118,768,113
118,372,78
118,705,138
118,478,153
118,432,114
118,4,126
118,390,80
118,727,118
118,841,145
118,445,128
118,670,154
118,442,147
118,715,146
118,402,150
118,406,98
118,749,85
118,418,130
118,354,134
118,352,124
118,386,97
118,400,122
118,416,75
118,395,132
118,411,139
118,433,81
118,53,136
118,697,111
118,6,139
118,723,136
118,77,152
118,81,110
118,402,81
118,107,90
118,362,80
118,805,115
118,17,140
118,462,158
118,805,103
118,737,114
118,30,122
118,652,50
118,340,83
118,42,129
118,426,122
118,138,71
118,45,157
118,103,153
118,79,100
118,754,118
118,381,85
118,195,115
118,381,73
118,167,146
118,52,148
119,371,78
119,768,113
119,705,138
119,841,145
119,442,147
119,446,128
119,727,118
119,55,41
119,389,80
119,715,146
119,403,150
119,410,73
119,400,121
119,698,112
119,355,127
119,478,153
119,749,85
119,403,97
119,410,85
119,400,81
119,52,135
119,3,122
119,394,89
119,30,123
119,670,154
119,395,132
119,431,114
119,410,138
119,411,126
119,9,139
119,723,136
119,344,81
119,359,81
119,737,114
119,77,151
119,423,71
119,805,115
119,805,103
119,386,97
119,462,158
119,58,54
119,103,147
119,43,129
119,254,138
119,107,90
119,52,71
119,424,128
119,45,157
119,754,118
119,612,50
119,195,115
119,433,81
119,139,73
119,415,100
119,167,146
119,247,117
119,747,103
120,379,76
120,840,145
120,413,72
120,705,138
120,446,128
120,352,124
120,400,122
120,368,79
120,403,97
120,403,150
120,2,155
120,430,113
120,77,151
120,478,153
120,441,137
120,670,154
120,399,77
120,413,132
120,698,118
120,441,148
120,423,71
120,4,138
120,399,135
120,768,113
120,715,146
120,391,93
120,726,109
120,417,100
120,354,134
120,408,85
120,723,136
120,52,135
120,4,126
120,420,81
120,745,109
120,749,85
120,424,128
120,14,1
120,356,82
120,341,81
120,805,115
120,17,140
120,805,103
120,456,152
120,450,80
120,754,118
120,103,153
120,768,92
120,563,50
120,139,75
120,63,138
121,705,138
121,406,135
121,478,153
121,446,128
121,400,121
121,352,124
121,386,81
121,403,150
121,715,146
121,430,113
121,403,97
121,442,147
121,367,80
121,441,137
121,768,113
121,841,145
121,6,148
121,396,78
121,411,126
121,697,118
121,408,72
121,671,154
121,726,109
121,354,134
121,52,135
121,749,85
121,379,73
121,4,74
121,395,132
121,390,94
121,7,138
121,77,151
121,745,110
121,3,126
121,806,115
121,339,81
121,723,136
121,424,128
121,805,103
121,354,82
121,462,158
121,402,87
121,754,118
121,389,114
121,231,83
121,103,153
121,768,92
121,744,95
121,733,120
121,63,138
121,43,129
122,705,138
122,446,128
122,841,145
122,406,135
122,352,124
122,400,121
122,381,78
122,403,150
122,478,153
122,4,126
122,430,113
122,441,137
122,768,113
122,364,82
122,670,154
122,411,125
122,442,147
122,698,118
122,425,79
122,403,97
122,52,135
122,715,146
122,726,109
122,8,139
122,392,78
122,354,134
122,749,85
122,396,132
122,723,136
122,77,151
122,393,96
122,745,109
122,80,108
122,411,85
122,352,82
122,401,87
122,805,115
122,456,152
122,754,118
122,805,103
122,231,84
122,103,153
122,424,128
122,79,97
122,768,92
122,282,155
122,43,129
122,45,157
122,733,120
122,334,81
122,388,114
122,372,73
123,399,136
123,410,76
123,446,128
123,841,145
123,352,124
123,364,80
123,400,122
123,402,150
123,478,153
123,670,154
123,411,125
123,441,137
123,4,126
123,706,137
123,768,113
123,438,114
123,442,147
123,384,81
123,697,118
123,8,139
123,402,84
123,715,146
123,53,138
123,726,109
123,406,99
123,354,134
123,749,85
123,424,79
123,377,53
123,17,83
123,53,39
123,723,136
123,386,97
123,77,151
123,57,51
123,375,74
123,745,109
123,394,90
123,350,82
123,426,121
123,805,115
123,282,155
123,462,158
123,458,79
123,755,116
123,805,103
123,103,153
123,43,129
123,768,92
123,382,65
124,841,145
124,400,122
124,478,153
124,399,136
124,432,114
124,352,124
124,442,147
124,445,128
124,52,136
124,363,80
124,670,154
124,411,125
124,402,150
124,726,109
124,706,137
124,697,118
124,403,97
124,400,78
124,715,146
124,768,113
124,14,9
124,749,85
124,420,79
124,354,134
124,4,126
124,723,136
124,309,51
124,388,93
124,8,139
124,2,154
124,417,117
124,76,151
124,745,109
124,805,115
124,384,81
124,462,158
124,253,138
124,282,155
124,426,122
124,431,79
124,755,116
124,350,82
124,767,92
124,805,103
124,139,79
124,332,82
124,320,54
124,42,129
124,194,112
124,27,146
124,733,120
124,103,153
124,417,137
124,173,114
125,841,145
125,400,122
125,399,135
125,478,153
125,442,147
125,394,78
125,352,124
125,446,128
125,52,136
125,401,98
125,418,117
125,406,76
125,670,154
125,411,125
125,706,138
125,402,150
125,726,109
125,363,80
125,697,118
125,386,93
125,431,141
125,715,146
125,768,113
125,4,126
125,383,74
125,749,85
125,354,134
125,82,156
125,418,72
125,433,115
125,6,139
125,723,136
125,245,52
125,403,88
125,745,109
125,253,138
125,462,158
125,805,115
125,429,79
125,282,155
125,755,116
125,805,103
125,377,85
125,350,82
125,34,85
125,139,80
125,417,137
125,194,112
125,423,127
125,317,82
125,733,120
125,767,92
125,74,147
125,173,114
126,422,116
126,406,76
126,400,122
126,352,124
126,841,145
126,392,78
126,478,153
126,401,89
126,406,135
126,53,136
126,442,147
126,363,78
126,446,128
126,670,154
126,395,132
126,726,109
126,402,150
126,768,113
126,706,137
126,417,130
126,697,118
126,715,146
126,432,114
126,5,139
126,354,134
126,3,126
126,441,137
126,80,106
126,406,99
126,425,71
126,734,116
126,723,136
126,749,85
126,387,97
126,76,150
126,30,123
126,417,79
126,805,115
126,745,109
126,427,82
126,462,158
126,385,86
126,184,54
126,282,155
126,378,76
126,755,116
126,805,103
126,467,81
126,423,143
126,17,140
126,134,81
126,576,69
126,235,154
126,103,154
126,369,129
126,34,86
